{
  "label": "after-maplibre",
  "dateIso": "2026-03-04T19:12:53.514Z",
  "environment": {
    "platform": "darwin",
    "nodeVersion": "v20.14.0",
    "runs": 5,
    "warmup": 1,
    "browser": "firefox",
    "viewport": {
      "width": 1440,
      "height": 900
    }
  },
  "summary": {
    "readyMs": {
      "mean": 681.3163997999999,
      "median": 671.2218329999996,
      "min": 661.6626249999999,
      "max": 709.5492079999999,
      "samples": [
        709.5492079999999,
        697.6642080000001,
        666.484125,
        661.6626249999999,
        671.2218329999996
      ]
    },
    "searchOakMs": {
      "mean": 219.4,
      "median": 219,
      "min": 217,
      "max": 223,
      "samples": [
        220,
        223,
        218,
        219,
        217
      ]
    },
    "familyToggleMs": {
      "mean": 24.4,
      "median": 24,
      "min": 23,
      "max": 26,
      "samples": [
        24,
        26,
        23,
        24,
        25
      ]
    },
    "heightMin20Ms": {
      "mean": 24.2,
      "median": 24,
      "min": 24,
      "max": 25,
      "samples": [
        24,
        25,
        24,
        24,
        24
      ]
    },
    "clearAllMs": {
      "mean": 25.6,
      "median": 26,
      "min": 25,
      "max": 26,
      "samples": [
        25,
        25,
        26,
        26,
        26
      ]
    },
    "domNodeCount": {
      "mean": 150,
      "median": 150,
      "min": 150,
      "max": 150,
      "samples": [
        150,
        150,
        150,
        150,
        150
      ]
    }
  },
  "runs": [
    {
      "readyMs": 709.5492079999999,
      "totalTrees": 6624,
      "finalVisible": 6624,
      "domNodeCount": 150,
      "heapUsedBytes": null,
      "actions": {
        "searchOak": {
          "before": 6624,
          "after": 955,
          "changed": true,
          "durationMs": 220
        },
        "familyToggle": {
          "before": 6624,
          "after": 5,
          "changed": true,
          "durationMs": 24
        },
        "heightMin20": {
          "before": 6624,
          "after": 3872,
          "changed": true,
          "durationMs": 24
        },
        "clearAll": {
          "before": 3872,
          "after": 6624,
          "changed": true,
          "durationMs": 25
        }
      }
    },
    {
      "readyMs": 697.6642080000001,
      "totalTrees": 6624,
      "finalVisible": 6624,
      "domNodeCount": 150,
      "heapUsedBytes": null,
      "actions": {
        "searchOak": {
          "before": 6624,
          "after": 955,
          "changed": true,
          "durationMs": 223
        },
        "familyToggle": {
          "before": 6624,
          "after": 5,
          "changed": true,
          "durationMs": 26
        },
        "heightMin20": {
          "before": 6624,
          "after": 3872,
          "changed": true,
          "durationMs": 25
        },
        "clearAll": {
          "before": 3872,
          "after": 6624,
          "changed": true,
          "durationMs": 25
        }
      }
    },
    {
      "readyMs": 666.484125,
      "totalTrees": 6624,
      "finalVisible": 6624,
      "domNodeCount": 150,
      "heapUsedBytes": null,
      "actions": {
        "searchOak": {
          "before": 6624,
          "after": 955,
          "changed": true,
          "durationMs": 218
        },
        "familyToggle": {
          "before": 6624,
          "after": 5,
          "changed": true,
          "durationMs": 23
        },
        "heightMin20": {
          "before": 6624,
          "after": 3872,
          "changed": true,
          "durationMs": 24
        },
        "clearAll": {
          "before": 3872,
          "after": 6624,
          "changed": true,
          "durationMs": 26
        }
      }
    },
    {
      "readyMs": 661.6626249999999,
      "totalTrees": 6624,
      "finalVisible": 6624,
      "domNodeCount": 150,
      "heapUsedBytes": null,
      "actions": {
        "searchOak": {
          "before": 6624,
          "after": 955,
          "changed": true,
          "durationMs": 219
        },
        "familyToggle": {
          "before": 6624,
          "after": 5,
          "changed": true,
          "durationMs": 24
        },
        "heightMin20": {
          "before": 6624,
          "after": 3872,
          "changed": true,
          "durationMs": 24
        },
        "clearAll": {
          "before": 3872,
          "after": 6624,
          "changed": true,
          "durationMs": 26
        }
      }
    },
    {
      "readyMs": 671.2218329999996,
      "totalTrees": 6624,
      "finalVisible": 6624,
      "domNodeCount": 150,
      "heapUsedBytes": null,
      "actions": {
        "searchOak": {
          "before": 6624,
          "after": 955,
          "changed": true,
          "durationMs": 217
        },
        "familyToggle": {
          "before": 6624,
          "after": 5,
          "changed": true,
          "durationMs": 25
        },
        "heightMin20": {
          "before": 6624,
          "after": 3872,
          "changed": true,
          "durationMs": 24
        },
        "clearAll": {
          "before": 3872,
          "after": 6624,
          "changed": true,
          "durationMs": 26
        }
      }
    }
  ]
}
